CL.,OBJECT,OBJECT VALUE,DOC.NUMBER,TABLE NAME,TABLE KEY,FIELD NAME,CHANGE INDICATOR,TEXT FLAG,UNIT,UNIT.1,CUKY,CUKY.1,NEW VALUE,OLD VALUE,DATA AGING FILTER
200,/SCWM/CHM_QUAN ,Guid parent:000D3A0C86271EDAAC81AEDB1A4F98B5       ,3213361,/SCWM/QUAN      ,200000D3A0C86271EDAAC81AEDB1A4F98B5000D3A0C4C9A1EEDB7BD0E1D97045E07,CAPA               ,E               ,1,    ,    ,    ,    ,                                ,0,                 
200,/SCWM/CHM_QUAN ,Guid parent:000D3A0C86271EDAAC81AEDB1A4F98B5       ,3213361,/SCWM/QUAN      ,200000D3A0C86271EDAAC81AEDB1A4F98B5000D3A0C4C9A1EEDB7BD0E1D97045E07,COO                ,E               ,1,    ,    ,    ,    ,                                ,                                 ,                 
200,/SCWM/CHM_QUAN ,Guid parent:000D3A0C86271EDAAC81AEDB1A4F98B5       ,3213361,/SCWM/QUAN      ,200000D3A0C86271EDAAC81AEDB1A4F98B5000D3A0C4C9A1EEDB7BD0E1D97045E07,DSTGRP             ,E               ,1,    ,    ,    ,    ,                                ,                                 ,                 
200,/SCWM/CHM_QUAN ,Guid parent:000D3A0C86271EDAAC81AEDB1A4F98B5       ,3213361,/SCWM/QUAN      ,200000D3A0C86271EDAAC81AEDB1A4F98B5000D3A0C4C9A1EEDB7BD0E1D97045E07,IDPLATE            ,E               ,1,    ,    ,    ,    ,                                ,                                 ,                 
200,/SCWM/CHM_QUAN ,Guid parent:000D3A0C86271EDAAC81AEDB1A4F98B5       ,3213361,/SCWM/QUAN      ,200000D3A0C86271EDAAC81AEDB1A4F98B5000D3A0C4C9A1EEDB7BD0E1D97045E07,UNIT_V             ,E               ,1,    ,    ,    ,    ,                                ,                                 ,                 
200,/SCWM/CHM_QUAN ,Guid parent:000D3A0C86271EDAAC81AEDB1A4F98B5       ,3213361,/SCWM/QUAN      ,200000D3A0C86271EDAAC81AEDB1A4F98B5000D3A0C4C9A1EEDB7BD0E1D97045E07,UNIT_W             ,E               ,1,    ,    ,    ,    ,                                ,                                 ,                 
200,/SCWM/NQUAN_CHD,Guid parent:000D3A0C86271EDAAC81AEDB1A4F98B5       ,3213362,/SCWM/S_NQUAN_CD,8718CCD932CD1EEFBC8F0C5D0E1783FF                                   ,QUAN               ,E               ,1,    ,    ,    ,    ,                                ,-1,                 
200,/SCWM/NQUAN_CHD,Guid parent:000D3A0C86271EDAAC81AEDB1A4F98B5       ,3213363,/SCWM/S_NQUAN_CD,8718CCD932CD1EEFBC8F0C5D0E17A3FF                                   ,QUAN               ,U               ,1,    ,    ,    ,    ,1,2,                 
200,KRED           ,1005336,3217959,LFA1            ,2000001005336,LOEVM              ,U               ,1,    ,    ,    ,    ,X                               ,                                 ,                 
200,KRED           ,1005336,3217959,LFA1            ,2000001005336,SPERR              ,U               ,1,    ,    ,    ,    ,X                               ,                                 ,                 
200,KRED           ,1005336,3217959,LFA1            ,2000001005336,SPERQ              ,U               ,1,    ,    ,    ,    ,99,                                 ,                 
200,KRED           ,1005336,3217959,LFA1            ,2000001005336,SPERM              ,U               ,1,    ,    ,    ,    ,X                               ,                                 ,                 
200,KRED           ,1005330,3217960,LFA1            ,2000001005330,LOEVM              ,U               ,1,    ,    ,    ,    ,X                               ,                                 ,                 
200,KRED           ,1005330,3217960,LFA1            ,2000001005330,SPERM              ,U               ,1,    ,    ,    ,    ,X                               ,                                 ,                 
200,KRED           ,1005330,3217960,LFA1            ,2000001005330,SPERQ              ,U               ,1,    ,    ,    ,    ,99,                                 ,                 
200,KRED           ,1005330,3217960,LFA1            ,2000001005330,SPERR              ,U               ,1,    ,    ,    ,    ,X                               ,                                 ,                 
200,KRED           ,1005354,3217962,LFA1            ,2000001005354,SPERM              ,U               ,1,    ,    ,    ,    ,X                               ,                                 ,                 
200,KRED           ,1005354,3217962,LFA1            ,2000001005354,SPERQ              ,U               ,1,    ,    ,    ,    ,99,                                 ,                 
200,KRED           ,1005354,3217962,LFA1            ,2000001005354,SPERR              ,U               ,1,    ,    ,    ,    ,X                               ,                                 ,                 
200,KRED           ,1005354,3217962,LFA1            ,2000001005354,LOEVM              ,U               ,1,    ,    ,    ,    ,X                               ,                                 ,                 
200,KRED           ,1005321,3217963,LFA1            ,2000001005321,SPERM              ,U               ,1,    ,    ,    ,    ,X                               ,                                 ,                 
200,KRED           ,1005321,3217963,LFA1            ,2000001005321,SPERQ              ,U               ,1,    ,    ,    ,    ,99,                                 ,                 
200,KRED           ,1005321,3217963,LFA1            ,2000001005321,LOEVM              ,U               ,1,    ,    ,    ,    ,X                               ,                                 ,                 
200,KRED           ,1005321,3217963,LFA1            ,2000001005321,SPERR              ,U               ,1,    ,    ,    ,    ,X                               ,                                 ,                 
200,KRED           ,1005315,3217964,LFA1            ,2000001005315,SPERR              ,U               ,1,    ,    ,    ,    ,X                               ,                                 ,                 
200,KRED           ,1005315,3217964,LFA1            ,2000001005315,LOEVM              ,U               ,1,    ,    ,    ,    ,X                               ,                                 ,                 
200,KRED           ,1005315,3217964,LFA1            ,2000001005315,SPERM              ,U               ,1,    ,    ,    ,    ,X                               ,                                 ,                 
200,KRED           ,1005315,3217964,LFA1            ,2000001005315,SPERQ              ,U               ,1,    ,    ,    ,    ,99,                                 ,                 
200,KRED           ,1005307,3217965,LFA1            ,2000001005307,LOEVM              ,U               ,1,    ,    ,    ,    ,X                               ,                                 ,                 
200,KRED           ,1005307,3217965,LFA1            ,2000001005307,SPERM              ,U               ,1,    ,    ,    ,    ,X                               ,                                 ,                 
200,KRED           ,1005307,3217965,LFA1            ,2000001005307,SPERQ              ,U               ,1,    ,    ,    ,    ,99,                                 ,                 
200,KRED           ,1005307,3217965,LFA1            ,2000001005307,SPERR              ,U               ,1,    ,    ,    ,    ,X                               ,                                 ,                 
200,KRED           ,1005295,3217966,LFA1            ,2000001005295,SPERR              ,U               ,1,    ,    ,    ,    ,X                               ,                                 ,                 
200,KRED           ,1005295,3217966,LFA1            ,2000001005295,SPERM              ,U               ,1,    ,    ,    ,    ,X                               ,                                 ,                 
200,KRED           ,1005295,3217966,LFA1            ,2000001005295,SPERQ              ,U               ,1,    ,    ,    ,    ,99,                                 ,                 
200,KRED           ,1005295,3217966,LFA1            ,2000001005295,LOEVM              ,U               ,1,    ,    ,    ,    ,X                               ,                                 ,                 
200,KRED           ,1005274,3217967,LFA1            ,2000001005274,SPERM              ,U               ,1,    ,    ,    ,    ,X                               ,                                 ,                 
200,KRED           ,1005274,3217967,LFA1            ,2000001005274,SPERR              ,U               ,1,    ,    ,    ,    ,X                               ,                                 ,                 
200,KRED           ,1005274,3217967,LFA1            ,2000001005274,SPERQ              ,U               ,1,    ,    ,    ,    ,99,                                 ,                 
200,KRED           ,1005274,3217967,LFA1            ,2000001005274,LOEVM              ,U               ,1,    ,    ,    ,    ,X                               ,                                 ,                 
200,KRED           ,1005264,3217968,LFA1            ,2000001005264,LOEVM              ,U               ,1,    ,    ,    ,    ,X                               ,                                 ,                 
200,KRED           ,1005264,3217968,LFA1            ,2000001005264,SPERR              ,U               ,1,    ,    ,    ,    ,X                               ,                                 ,                 
200,KRED           ,1005264,3217968,LFA1            ,2000001005264,SPERQ              ,U               ,1,    ,    ,    ,    ,99,                                 ,                 
200,KRED           ,1005264,3217968,LFA1            ,2000001005264,SPERM              ,U               ,1,    ,    ,    ,    ,X                               ,                                 ,                 
200,KRED           ,1005203,3217969,LFA1            ,2000001005203,SPERR              ,U               ,1,    ,    ,    ,    ,X                               ,                                 ,                 
200,KRED           ,1005203,3217969,LFA1            ,2000001005203,SPERQ              ,U               ,1,    ,    ,    ,    ,99,                                 ,                 
200,KRED           ,1005203,3217969,LFA1            ,2000001005203,SPERM              ,U               ,1,    ,    ,    ,    ,X                               ,                                 ,                 
200,KRED           ,1005203,3217969,LFA1            ,2000001005203,LOEVM              ,U               ,1,    ,    ,    ,    ,X                               ,                                 ,                 
200,KRED           ,1005188,3217970,LFA1            ,2000001005188,SPERR              ,U               ,1,    ,    ,    ,    ,X                               ,                                 ,                 
200,KRED           ,1005188,3217970,LFA1            ,2000001005188,SPERQ              ,U               ,1,    ,    ,    ,    ,99,                                 ,                 
200,KRED           ,1005188,3217970,LFA1            ,2000001005188,SPERM              ,U               ,1,    ,    ,    ,    ,X                               ,                                 ,                 
200,KRED           ,1005188,3217970,LFA1            ,2000001005188,LOEVM              ,U               ,1,    ,    ,    ,    ,X                               ,                                 ,                 
200,KRED           ,1005322,3217971,LFA1            ,2000001005322,SPERR              ,U               ,1,    ,    ,    ,    ,X                               ,                                 ,                 
200,KRED           ,1005322,3217971,LFA1            ,2000001005322,SPERQ              ,U               ,1,    ,    ,    ,    ,99,                                 ,                 
200,KRED           ,1005322,3217971,LFA1            ,2000001005322,SPERM              ,U               ,1,    ,    ,    ,    ,X                               ,                                 ,                 
200,KRED           ,1005322,3217971,LFA1            ,2000001005322,LOEVM              ,U               ,1,    ,    ,    ,    ,X                               ,                                 ,                 
200,KRED           ,1005317,3217972,LFA1            ,2000001005317,SPERR              ,U               ,1,    ,    ,    ,    ,X                               ,                                 ,                 
200,KRED           ,1005317,3217972,LFA1            ,2000001005317,SPERQ              ,U               ,1,    ,    ,    ,    ,99,                                 ,                 
200,KRED           ,1005317,3217972,LFA1            ,2000001005317,SPERM              ,U               ,1,    ,    ,    ,    ,X                               ,                                 ,                 
200,KRED           ,1005317,3217972,LFA1            ,2000001005317,LOEVM              ,U               ,1,    ,    ,    ,    ,X                               ,                                 ,                 
200,ADRESSE        ,BP  0000047754                                     ,3217973,ADRU            ,2000000047754          URI001AD_HOME                               ,KEY                ,I               ,1,    ,    ,    ,    ,                                ,                                 ,                 
200,ADRESSE        ,BP  0000047754                                     ,3217973,ADRU            ,2000000047754          INT001AD_DEFAULT                            ,KEY                ,I               ,1,    ,    ,    ,    ,                                ,                                 ,                 
200,ADRESSE        ,BP  0000047754                                     ,3217973,ADRU            ,2000000047754          INT001AD_DEFAULT                            ,VALID_FROM         ,E               ,1,    ,    ,    ,    ,                                ,                                 ,                 
200,ADRESSE        ,BP  0000047754                                     ,3217973,ADRU            ,2000000047754          INT001AD_HOME                               ,KEY                ,I               ,1,    ,    ,    ,    ,                                ,                                 ,                 
200,ADRESSE        ,BP  0000047754                                     ,3217973,ADRU            ,2000000047754          TEL001AD_DEFAULT                            ,VALID_FROM         ,E               ,1,    ,    ,    ,    ,                                ,                                 ,                 
200,ADRESSE        ,BP  0000047754                                     ,3217973,ADRU            ,2000000047754          TEL001AD_DEFAULT                            ,KEY                ,I               ,1,    ,    ,    ,    ,                                ,                                 ,                 
200,ADRESSE        ,BP  0000047754                                     ,3217973,ADRU            ,2000000047754          URI001AD_HOME                               ,VALID_FROM         ,E               ,1,    ,    ,    ,    ,                                ,                                 ,                 
200,ADRESSE        ,BP  0000047754                                     ,3217973,ADRU            ,2000000047754          TEL001AD_HOME                               ,KEY                ,I               ,1,    ,    ,    ,    ,                                ,                                 ,                 
200,ADRESSE        ,BP  0000047754                                     ,3217973,ADRU            ,2000000047754          TEL001AD_HOME                               ,VALID_FROM         ,E               ,1,    ,    ,    ,    ,                                ,                                 ,                 
200,ADRESSE        ,BP  0000047754                                     ,3217973,ADRU            ,2000000047754          TEL001AD_NMBDEFA                            ,KEY                ,I               ,1,    ,    ,    ,    ,                                ,                                 ,                 
200,ADRESSE        ,BP  0000047754                                     ,3217973,ADRU            ,2000000047754          TEL001AD_NMBDEFA                            ,VALID_FROM         ,E               ,1,    ,    ,    ,    ,                                ,                                 ,                 
200,ADRESSE        ,BP  0000047754                                     ,3217973,ADRU            ,2000000047754          URI001AD_DEFAULT                            ,VALID_FROM         ,E               ,1,    ,    ,    ,    ,                                ,                                 ,                 
200,ADRESSE        ,BP  0000047754                                     ,3217973,ADRU            ,2000000047754          INT001AD_HOME                               ,VALID_FROM         ,E               ,1,    ,    ,    ,    ,                                ,                                 ,                 
200,ADRESSE        ,BP  0000047754                                     ,3217973,ADRU            ,2000000047754          URI001AD_DEFAULT                            ,KEY                ,I               ,1,    ,    ,    ,    ,                                ,                                 ,                 
200,ADRESSE        ,BP  0000052161                                     ,3217974,ADRU            ,2000000052161          TEL001AD_NMBDEFA                            ,VALID_FROM         ,E               ,1,    ,    ,    ,    ,                                ,                                 ,                 
200,ADRESSE        ,BP  0000052161                                     ,3217974,ADRU            ,2000000052161          URI001AD_DEFAULT                            ,VALID_FROM         ,E               ,1,    ,    ,    ,    ,                                ,                                 ,                 
200,ADRESSE        ,BP  0000052161                                     ,3217974,ADRU            ,2000000052161          TEL001AD_NMBDEFA                            ,KEY                ,I               ,1,    ,    ,    ,    ,                                ,                                 ,                 
200,ADRESSE        ,BP  0000052161                                     ,3217974,ADRU            ,2000000052161          URI001AD_DEFAULT                            ,KEY                ,I               ,1,    ,    ,    ,    ,                                ,                                 ,                 
200,ADRESSE        ,BP  0000052161                                     ,3217974,ADRU            ,2000000052161          TEL001AD_DEFAULT                            ,VALID_FROM         ,E               ,1,    ,    ,    ,    ,                                ,                                 ,                 
200,ADRESSE        ,BP  0000052161                                     ,3217974,ADRU            ,2000000052161          URI001AD_HOME                               ,KEY                ,I               ,1,    ,    ,    ,    ,                                ,                                 ,                 
200,ADRESSE        ,BP  0000052161                                     ,3217974,ADRU            ,2000000052161          URI001AD_HOME                               ,VALID_FROM         ,E               ,1,    ,    ,    ,    ,                                ,                                 ,                 
200,ADRESSE        ,BP  0000052161                                     ,3217974,ADRU            ,2000000052161          TEL001AD_DEFAULT                            ,KEY                ,I               ,1,    ,    ,    ,    ,                                ,                                 ,                 
200,ADRESSE        ,BP  0000052161                                     ,3217974,ADRU            ,2000000052161          TEL001AD_HOME                               ,VALID_FROM         ,E               ,1,    ,    ,    ,    ,                                ,                                 ,                 
200,ADRESSE        ,BP  0000052161                                     ,3217974,ADRU            ,2000000052161          INT001AD_HOME                               ,VALID_FROM         ,E               ,1,    ,    ,    ,    ,                                ,                                 ,                 
200,ADRESSE        ,BP  0000052161                                     ,3217974,ADRU            ,2000000052161          INT001AD_DEFAULT                            ,VALID_FROM         ,E               ,1,    ,    ,    ,    ,                                ,                                 ,                 
200,ADRESSE        ,BP  0000052161                                     ,3217974,ADRU            ,2000000052161          INT001AD_DEFAULT                            ,KEY                ,I               ,1,    ,    ,    ,    ,                                ,                                 ,                 
200,ADRESSE        ,BP  0000052161                                     ,3217974,ADRU            ,2000000052161          INT001AD_HOME                               ,KEY                ,I               ,1,    ,    ,    ,    ,                                ,                                 ,                 
200,ADRESSE        ,BP  0000052161                                     ,3217974,ADRU            ,2000000052161          TEL001AD_HOME                               ,KEY                ,I               ,1,    ,    ,    ,    ,                                ,                                 ,                 
200,KRED           ,1005314,3217975,LFA1            ,2000001005314,SPERR              ,U               ,1,    ,    ,    ,    ,X                               ,                                 ,                 
200,KRED           ,1005314,3217975,LFA1            ,2000001005314,SPERQ              ,U               ,1,    ,    ,    ,    ,99,                                 ,                 
200,KRED           ,1005314,3217975,LFA1            ,2000001005314,SPERM              ,U               ,1,    ,    ,    ,    ,X                               ,                                 ,                 
200,KRED           ,1005314,3217975,LFA1            ,2000001005314,LOEVM              ,U               ,1,    ,    ,    ,    ,X                               ,                                 ,                 
200,KRED           ,1005305,3217976,LFA1            ,2000001005305,SPERR              ,U               ,1,    ,    ,    ,    ,X                               ,                                 ,                 
200,KRED           ,1005305,3217976,LFA1            ,2000001005305,LOEVM              ,U               ,1,    ,    ,    ,    ,X                               ,                                 ,                 
200,KRED           ,1005305,3217976,LFA1            ,2000001005305,SPERQ              ,U               ,1,    ,    ,    ,    ,99,                                 ,                 
200,KRED           ,1005305,3217976,LFA1            ,2000001005305,SPERM              ,U               ,1,    ,    ,    ,    ,X                               ,                                 ,                 
200,KRED           ,1005293,3217977,LFA1            ,2000001005293,LOEVM              ,U               ,1,    ,    ,    ,    ,X                               ,                                 ,                 
200,KRED           ,1005293,3217977,LFA1            ,2000001005293,SPERM              ,U               ,1,    ,    ,    ,    ,X                               ,                                 ,                 
200,KRED           ,1005293,3217977,LFA1            ,2000001005293,SPERQ              ,U               ,1,    ,    ,    ,    ,99,                                 ,                 
200,KRED           ,1005293,3217977,LFA1            ,2000001005293,SPERR              ,U               ,1,    ,    ,    ,    ,X                               ,                                 ,                 
200,KRED           ,1005290,3217978,LFA1            ,2000001005290,SPERQ              ,U               ,1,    ,    ,    ,    ,99,                                 ,                 
200,KRED           ,1005290,3217978,LFA1            ,2000001005290,LOEVM              ,U               ,1,    ,    ,    ,    ,X                               ,                                 ,                 
200,KRED           ,1005290,3217978,LFA1            ,2000001005290,SPERR              ,U               ,1,    ,    ,    ,    ,X                               ,                                 ,                 
200,KRED           ,1005290,3217978,LFA1            ,2000001005290,SPERM              ,U               ,1,    ,    ,    ,    ,X                               ,                                 ,                 
200,KRED           ,1005288,3217979,LFA1            ,2000001005288,LOEVM              ,U               ,1,    ,    ,    ,    ,X                               ,                                 ,                 
200,KRED           ,1005288,3217979,LFA1            ,2000001005288,SPERR              ,U               ,1,    ,    ,    ,    ,X                               ,                                 ,                 
200,KRED           ,1005288,3217979,LFA1            ,2000001005288,SPERQ              ,U               ,1,    ,    ,    ,    ,99,                                 ,                 
200,KRED           ,1005288,3217979,LFA1            ,2000001005288,SPERM              ,U               ,1,    ,    ,    ,    ,X                               ,                                 ,                 
200,KRED           ,1005270,3217980,LFA1            ,2000001005270,SPERM              ,U               ,1,    ,    ,    ,    ,X                               ,                                 ,                 
200,KRED           ,1005270,3217980,LFA1            ,2000001005270,SPERR              ,U               ,1,    ,    ,    ,    ,X                               ,                                 ,                 
200,KRED           ,1005270,3217980,LFA1            ,2000001005270,SPERQ              ,U               ,1,    ,    ,    ,    ,99,                                 ,                 
200,KRED           ,1005270,3217980,LFA1            ,2000001005270,LOEVM              ,U               ,1,    ,    ,    ,    ,X                               ,                                 ,                 
200,KRED           ,1005263,3217981,LFA1            ,2000001005263,SPERM              ,U               ,1,    ,    ,    ,    ,X                               ,                                 ,                 
200,KRED           ,1005263,3217981,LFA1            ,2000001005263,SPERQ              ,U               ,1,    ,    ,    ,    ,99,                                 ,                 
200,KRED           ,1005263,3217981,LFA1            ,2000001005263,SPERR              ,U               ,1,    ,    ,    ,    ,X                               ,                                 ,                 
200,KRED           ,1005263,3217981,LFA1            ,2000001005263,LOEVM              ,U               ,1,    ,    ,    ,    ,X                               ,                                 ,                 
200,KRED           ,1005194,3217982,LFA1            ,2000001005194,SPERQ              ,U               ,1,    ,    ,    ,    ,99,                                 ,                 
200,KRED           ,1005194,3217982,LFA1            ,2000001005194,SPERM              ,U               ,1,    ,    ,    ,    ,X                               ,                                 ,                 
200,KRED           ,1005194,3217982,LFA1            ,2000001005194,LOEVM              ,U               ,1,    ,    ,    ,    ,X                               ,                                 ,                 
200,KRED           ,1005179,3217983,LFA1            ,2000001005179,LOEVM              ,U               ,1,    ,    ,    ,    ,X                               ,                                 ,                 
200,KRED           ,1005179,3217983,LFA1            ,2000001005179,SPERR              ,U               ,1,    ,    ,    ,    ,X                               ,                                 ,                 
200,KRED           ,1005179,3217983,LFA1            ,2000001005179,SPERQ              ,U               ,1,    ,    ,    ,    ,99,                                 ,                 
200,KRED           ,1005179,3217983,LFA1            ,2000001005179,SPERM              ,U               ,1,    ,    ,    ,    ,X                               ,                                 ,                 
200,KRED           ,1005138,3217984,LFA1            ,2000001005138,LOEVM              ,U               ,1,    ,    ,    ,    ,X                               ,                                 ,                 
200,KRED           ,1005138,3217984,LFA1            ,2000001005138,SPERM              ,U               ,1,    ,    ,    ,    ,X                               ,                                 ,                 
200,KRED           ,1005138,3217984,LFA1            ,2000001005138,SPERQ              ,U               ,1,    ,    ,    ,    ,99,                                 ,                 
200,KRED           ,1005138,3217984,LFA1            ,2000001005138,SPERR              ,U               ,1,    ,    ,    ,    ,X                               ,                                 ,                 
200,KRED           ,1005133,3217985,LFA1            ,2000001005133,SPERR              ,U               ,1,    ,    ,    ,    ,X                               ,                                 ,                 
200,KRED           ,1005133,3217985,LFA1            ,2000001005133,SPERQ              ,U               ,1,    ,    ,    ,    ,99,                                 ,                 
200,KRED           ,1005133,3217985,LFA1            ,2000001005133,SPERM              ,U               ,1,    ,    ,    ,    ,X                               ,                                 ,                 
200,KRED           ,1005133,3217985,LFA1            ,2000001005133,LOEVM              ,U               ,1,    ,    ,    ,    ,X                               ,                                 ,                 
200,KRED           ,1005101,3217986,LFA1            ,2000001005101,LOEVM              ,U               ,1,    ,    ,    ,    ,X                               ,                                 ,                 
200,KRED           ,1005101,3217986,LFA1            ,2000001005101,SPERM              ,U               ,1,    ,    ,    ,    ,X                               ,                                 ,                 
200,KRED           ,1005101,3217986,LFA1            ,2000001005101,SPERQ              ,U               ,1,    ,    ,    ,    ,99,                                 ,                 
200,KRED           ,1005101,3217986,LFA1            ,2000001005101,SPERR              ,U               ,1,    ,    ,    ,    ,X                               ,                                 ,                 
200,KRED           ,1005022,3217987,LFA1            ,2000001005022,SPERM              ,U               ,1,    ,    ,    ,    ,X                               ,                                 ,                 
200,KRED           ,1005022,3217987,LFA1            ,2000001005022,SPERQ              ,U               ,1,    ,    ,    ,    ,99,                                 ,                 
200,KRED           ,1005022,3217987,LFA1            ,2000001005022,SPERR              ,U               ,1,    ,    ,    ,    ,X                               ,                                 ,                 
200,KRED           ,1005022,3217987,LFA1            ,2000001005022,LOEVM              ,U               ,1,    ,    ,    ,    ,X                               ,                                 ,                 
200,KRED           ,1004993,3217988,LFA1            ,2000001004993,SPERR              ,U               ,1,    ,    ,    ,    ,X                               ,                                 ,                 
200,KRED           ,1004993,3217988,LFA1            ,2000001004993,SPERQ              ,U               ,1,    ,    ,    ,    ,99,                                 ,                 
200,KRED           ,1004993,3217988,LFA1            ,2000001004993,SPERM              ,U               ,1,    ,    ,    ,    ,X                               ,                                 ,                 
200,KRED           ,1004993,3217988,LFA1            ,2000001004993,LOEVM              ,U               ,1,    ,    ,    ,    ,X                               ,                                 ,                 
200,KRED           ,1004953,3217989,LFA1            ,2000001004953,SPERR              ,U               ,1,    ,    ,    ,    ,X                               ,                                 ,                 
200,KRED           ,1004953,3217989,LFA1            ,2000001004953,SPERQ              ,U               ,1,    ,    ,    ,    ,99,                                 ,                 
200,KRED           ,1004953,3217989,LFA1            ,2000001004953,SPERM              ,U               ,1,    ,    ,    ,    ,X                               ,                                 ,                 
200,KRED           ,1004953,3217989,LFA1            ,2000001004953,LOEVM              ,U               ,1,    ,    ,    ,    ,X                               ,                                 ,                 
200,KRED           ,1004878,3217990,LFA1            ,2000001004878,LOEVM              ,U               ,1,    ,    ,    ,    ,X                               ,                                 ,                 
200,KRED           ,1004878,3217990,LFA1            ,2000001004878,SPERM              ,U               ,1,    ,    ,    ,    ,X                               ,                                 ,                 
200,KRED           ,1004878,3217990,LFA1            ,2000001004878,SPERQ              ,U               ,1,    ,    ,    ,    ,99,                                 ,                 
200,KRED           ,1004878,3217990,LFA1            ,2000001004878,SPERR              ,U               ,1,    ,    ,    ,    ,X                               ,                                 ,                 
200,KRED           ,1005111,3217991,LFA1            ,2000001005111,SPERQ              ,U               ,1,    ,    ,    ,    ,99,                                 ,                 
200,KRED           ,1005111,3217991,LFA1            ,2000001005111,SPERR              ,U               ,1,    ,    ,    ,    ,X                               ,                                 ,                 
200,KRED           ,1005111,3217991,LFA1            ,2000001005111,SPERM              ,U               ,1,    ,    ,    ,    ,X                               ,                                 ,                 
200,KRED           ,1005111,3217991,LFA1            ,2000001005111,LOEVM              ,U               ,1,    ,    ,    ,    ,X                               ,                                 ,                 
200,KRED           ,1005098,3217992,LFA1            ,2000001005098,SPERM              ,U               ,1,    ,    ,    ,    ,X                               ,                                 ,                 
200,KRED           ,1005098,3217992,LFA1            ,2000001005098,SPERQ              ,U               ,1,    ,    ,    ,    ,99,                                 ,                 
200,KRED           ,1005098,3217992,LFA1            ,2000001005098,SPERR              ,U               ,1,    ,    ,    ,    ,X                               ,                                 ,                 
200,KRED           ,1005098,3217992,LFA1            ,2000001005098,LOEVM              ,U               ,1,    ,    ,    ,    ,X                               ,                                 ,                 
200,KRED           ,1005002,3217993,LFA1            ,2000001005002,LOEVM              ,U               ,1,    ,    ,    ,    ,X                               ,                                 ,                 
200,KRED           ,1005002,3217993,LFA1            ,2000001005002,SPERM              ,U               ,1,    ,    ,    ,    ,X                               ,                                 ,                 
200,KRED           ,1005002,3217993,LFA1            ,2000001005002,SPERQ              ,U               ,1,    ,    ,    ,    ,99,                                 ,                 
200,KRED           ,1005002,3217993,LFA1            ,2000001005002,SPERR              ,U               ,1,    ,    ,    ,    ,X                               ,                                 ,                 
200,KRED           ,1004960,3217994,LFA1            ,2000001004960,SPERQ              ,U               ,1,    ,    ,    ,    ,99,                                 ,                 
200,KRED           ,1004960,3217994,LFA1            ,2000001004960,LOEVM              ,U               ,1,    ,    ,    ,    ,X                               ,                                 ,                 
200,KRED           ,1004960,3217994,LFA1            ,2000001004960,SPERM              ,U               ,1,    ,    ,    ,    ,X                               ,                                 ,                 
200,KRED           ,1004960,3217994,LFA1            ,2000001004960,SPERR              ,U               ,1,    ,    ,    ,    ,X                               ,                                 ,                 
200,KRED           ,1004808,3217995,LFA1            ,2000001004808,LOEVM              ,U               ,1,    ,    ,    ,    ,X                               ,                                 ,                 
200,KRED           ,1004808,3217995,LFA1            ,2000001004808,SPERM              ,U               ,1,    ,    ,    ,    ,X                               ,                                 ,                 
200,KRED           ,1004808,3217995,LFA1            ,2000001004808,SPERQ              ,U               ,1,    ,    ,    ,    ,99,                                 ,                 
200,KRED           ,1004808,3217995,LFA1            ,2000001004808,SPERR              ,U               ,1,    ,    ,    ,    ,X                               ,                                 ,                 
200,KRED           ,1004755,3217996,LFA1            ,2000001004755,SPERR              ,U               ,1,    ,    ,    ,    ,X                               ,                                 ,                 
200,KRED           ,1004755,3217996,LFA1            ,2000001004755,SPERQ              ,U               ,1,    ,    ,    ,    ,99,                                 ,                 
200,KRED           ,1004755,3217996,LFA1            ,2000001004755,SPERM              ,U               ,1,    ,    ,    ,    ,X                               ,                                 ,                 
200,KRED           ,1004755,3217996,LFA1            ,2000001004755,LOEVM              ,U               ,1,    ,    ,    ,    ,X                               ,                                 ,                 
200,KRED           ,1004649,3217997,LFA1            ,2000001004649,SPERM              ,U               ,1,    ,    ,    ,    ,X                               ,                                 ,                 
200,KRED           ,1004649,3217997,LFA1            ,2000001004649,SPERQ              ,U               ,1,    ,    ,    ,    ,99,                                 ,                 
200,KRED           ,1004649,3217997,LFA1            ,2000001004649,SPERR              ,U               ,1,    ,    ,    ,    ,X                               ,                                 ,                 
200,KRED           ,1004649,3217997,LFA1            ,2000001004649,LOEVM              ,U               ,1,    ,    ,    ,    ,X                               ,                                 ,                 
200,KRED           ,1004625,3217998,LFA1            ,2000001004625,SPERR              ,U               ,1,    ,    ,    ,    ,X                               ,                                 ,                 
200,KRED           ,1004625,3217998,LFA1            ,2000001004625,SPERQ              ,U               ,1,    ,    ,    ,    ,99,                                 ,                 
200,KRED           ,1004625,3217998,LFA1            ,2000001004625,SPERM              ,U               ,1,    ,    ,    ,    ,X                               ,                                 ,                 
200,KRED           ,1004625,3217998,LFA1            ,2000001004625,LOEVM              ,U               ,1,    ,    ,    ,    ,X                               ,                                 ,                 
200,KRED           ,1004201,3217999,LFA1            ,2000001004201,LOEVM              ,U               ,1,    ,    ,    ,    ,X                               ,                                 ,                 
200,KRED           ,1004201,3217999,LFA1            ,2000001004201,SPERM              ,U               ,1,    ,    ,    ,    ,X                               ,                                 ,                 
200,KRED           ,1004201,3217999,LFA1            ,2000001004201,SPERQ              ,U               ,1,    ,    ,    ,    ,99,                                 ,                 
200,KRED           ,1004201,3217999,LFA1            ,2000001004201,SPERR              ,U               ,1,    ,    ,    ,    ,X                               ,                                 ,                 
200,KRED           ,1003442,3218000,LFA1            ,2000001003442,SPERQ              ,U               ,1,    ,    ,    ,    ,99,                                 ,                 
200,KRED           ,1003442,3218000,LFA1            ,2000001003442,SPERR              ,U               ,1,    ,    ,    ,    ,X                               ,                                 ,                 
200,KRED           ,1003442,3218000,LFA1            ,2000001003442,LOEVM              ,U               ,1,    ,    ,    ,    ,X                               ,                                 ,                 
200,KRED           ,1003442,3218000,LFA1            ,2000001003442,SPERM              ,U               ,1,    ,    ,    ,    ,X                               ,                                 ,                 
200,KRED           ,1004845,3218001,LFA1            ,2000001004845,LOEVM              ,U               ,1,    ,    ,    ,    ,X                               ,                                 ,                 
200,KRED           ,1004845,3218001,LFA1            ,2000001004845,SPERR              ,U               ,1,    ,    ,    ,    ,X                               ,                                 ,                 
200,KRED           ,1004845,3218001,LFA1            ,2000001004845,SPERQ              ,U               ,1,    ,    ,    ,    ,99,                                 ,                 
200,KRED           ,1004845,3218001,LFA1            ,2000001004845,SPERM              ,U               ,1,    ,    ,    ,    ,X                               ,                                 ,                 
200,KRED           ,1004766,3218002,LFA1            ,2000001004766,SPERR              ,U               ,1,    ,    ,    ,    ,X                               ,                                 ,                 
200,KRED           ,1004766,3218002,LFA1            ,2000001004766,LOEVM              ,U               ,1,    ,    ,    ,    ,X                               ,                                 ,                 
200,KRED           ,1004766,3218002,LFA1            ,2000001004766,SPERQ              ,U               ,1,    ,    ,    ,    ,99,                                 ,                 
200,KRED           ,1004766,3218002,LFA1            ,2000001004766,SPERM              ,U               ,1,    ,    ,    ,    ,X                               ,                                 ,                 
200,KRED           ,1004718,3218003,LFA1            ,2000001004718,SPERM              ,U               ,1,    ,    ,    ,    ,X                               ,                                 ,                 
200,KRED           ,1004718,3218003,LFA1            ,2000001004718,LOEVM              ,U               ,1,    ,    ,    ,    ,X                               ,                                 ,                 
200,KRED           ,1004718,3218003,LFA1            ,2000001004718,SPERR              ,U               ,1,    ,    ,    ,    ,X                               ,                                 ,                 
200,KRED           ,1004718,3218003,LFA1            ,2000001004718,SPERQ              ,U               ,1,    ,    ,    ,    ,99,                                 ,                 
200,KRED           ,1004638,3218004,LFA1            ,2000001004638,SPERM              ,U               ,1,    ,    ,    ,    ,X                               ,                                 ,                 
200,KRED           ,1004638,3218004,LFA1            ,2000001004638,LOEVM              ,U               ,1,    ,    ,    ,    ,X                               ,                                 ,                 
200,KRED           ,1004638,3218004,LFA1            ,2000001004638,SPERQ              ,U               ,1,    ,    ,    ,    ,99,                                 ,                 
200,KRED           ,1004638,3218004,LFA1            ,2000001004638,SPERR              ,U               ,1,    ,    ,    ,    ,X                               ,                                 ,                 
200,KRED           ,1004391,3218005,LFA1            ,2000001004391,SPERQ              ,U               ,1,    ,    ,    ,    ,99,                                 ,                 
200,KRED           ,1004391,3218005,LFA1            ,2000001004391,LOEVM              ,U               ,1,    ,    ,    ,    ,X                               ,                                 ,                 
200,KRED           ,1004391,3218005,LFA1            ,2000001004391,SPERM              ,U               ,1,    ,    ,    ,    ,X                               ,                                 ,                 
200,KRED           ,1004391,3218005,LFA1            ,2000001004391,SPERR              ,U               ,1,    ,    ,    ,    ,X                               ,                                 ,                 
200,KRED           ,1004299,3218006,LFA1            ,2000001004299,SPERR              ,U               ,1,    ,    ,    ,    ,X                               ,                                 ,                 
200,KRED           ,1004299,3218006,LFA1            ,2000001004299,SPERQ              ,U               ,1,    ,    ,    ,    ,99,                                 ,                 
200,KRED           ,1004299,3218006,LFA1            ,2000001004299,SPERM              ,U               ,1,    ,    ,    ,    ,X                               ,                                 ,                 
200,KRED           ,1004299,3218006,LFA1            ,2000001004299,LOEVM              ,U               ,1,    ,    ,    ,    ,X                               ,                                 ,                 
200,KRED           ,1004283,3218007,LFA1            ,2000001004283,SPERR              ,U               ,1,    ,    ,    ,    ,X                               ,                                 ,                 
200,KRED           ,1004283,3218007,LFA1            ,2000001004283,LOEVM              ,U               ,1,    ,    ,    ,    ,X                               ,                                 ,                 
200,KRED           ,1004283,3218007,LFA1            ,2000001004283,SPERQ              ,U               ,1,    ,    ,    ,    ,99,                                 ,                 
200,KRED           ,1004283,3218007,LFA1            ,2000001004283,SPERM              ,U               ,1,    ,    ,    ,    ,X                               ,                                 ,                 
200,KRED           ,1003451,3218008,LFA1            ,2000001003451,SPERR              ,U               ,1,    ,    ,    ,    ,X                               ,                                 ,                 
200,KRED           ,1003451,3218008,LFA1            ,2000001003451,SPERQ              ,U               ,1,    ,    ,    ,    ,99,                                 ,                 
200,KRED           ,1003451,3218008,LFA1            ,2000001003451,SPERM              ,U               ,1,    ,    ,    ,    ,X                               ,                                 ,                 
200,KRED           ,1003451,3218008,LFA1            ,2000001003451,LOEVM              ,U               ,1,    ,    ,    ,    ,X                               ,                                 ,                 
200,KRED           ,1003400,3218009,LFA1            ,2000001003400,LOEVM              ,U               ,1,    ,    ,    ,    ,X                               ,                                 ,                 
200,KRED           ,1003400,3218009,LFA1            ,2000001003400,SPERM              ,U               ,1,    ,    ,    ,    ,X                               ,                                 ,                 
200,KRED           ,1003400,3218009,LFA1            ,2000001003400,SPERQ              ,U               ,1,    ,    ,    ,    ,99,                                 ,                 
200,KRED           ,1003400,3218009,LFA1            ,2000001003400,SPERR              ,U               ,1,    ,    ,    ,    ,X                               ,                                 ,                 
200,KRED           ,1002326,3218010,LFA1            ,2000001002326,LOEVM              ,U               ,1,    ,    ,    ,    ,X                               ,                                 ,                 
200,KRED           ,1002326,3218010,LFA1            ,2000001002326,SPERM              ,U               ,1,    ,    ,    ,    ,X                               ,                                 ,                 
200,KRED           ,1002326,3218010,LFA1            ,2000001002326,SPERQ              ,U               ,1,    ,    ,    ,    ,99,                                 ,                 
200,KRED           ,1002326,3218010,LFA1            ,2000001002326,SPERR              ,U               ,1,    ,    ,    ,    ,X                               ,                                 ,                 
200,KRED           ,1002348,3218011,LFA1            ,2000001002348,SPERM              ,U               ,1,    ,    ,    ,    ,X                               ,                                 ,                 
200,KRED           ,1002348,3218011,LFA1            ,2000001002348,SPERQ              ,U               ,1,    ,    ,    ,    ,99,                                 ,                 
200,KRED           ,1002348,3218011,LFA1            ,2000001002348,SPERR              ,U               ,1,    ,    ,    ,    ,X                               ,                                 ,                 
200,KRED           ,1002348,3218011,LFA1            ,2000001002348,LOEVM              ,U               ,1,    ,    ,    ,    ,X                               ,                                 ,                 
200,KRED           ,1002288,3218012,LFA1            ,2000001002288,SPERR              ,U               ,1,    ,    ,    ,    ,X                               ,                                 ,                 
200,KRED           ,1002288,3218012,LFA1            ,2000001002288,SPERQ              ,U               ,1,    ,    ,    ,    ,99,                                 ,                 
200,KRED           ,1002288,3218012,LFA1            ,2000001002288,SPERM              ,U               ,1,    ,    ,    ,    ,X                               ,                                 ,                 
200,KRED           ,1002288,3218012,LFA1            ,2000001002288,LOEVM              ,U               ,1,    ,    ,    ,    ,X                               ,                                 ,                 
200,KRED           ,1002077,3218013,LFA1            ,2000001002077,SPERR              ,U               ,1,    ,    ,    ,    ,X                               ,                                 ,                 
200,KRED           ,1002077,3218013,LFA1            ,2000001002077,SPERQ              ,U               ,1,    ,    ,    ,    ,99,                                 ,                 
200,KRED           ,1002077,3218013,LFA1            ,2000001002077,SPERM              ,U               ,1,    ,    ,    ,    ,X                               ,                                 ,                 
200,KRED           ,1002077,3218013,LFA1            ,2000001002077,LOEVM              ,U               ,1,    ,    ,    ,    ,X                               ,                                 ,                 
200,KRED           ,1002020,3218014,LFA1            ,2000001002020,SPERR              ,U               ,1,    ,    ,    ,    ,X                               ,                                 ,                 
200,KRED           ,1002020,3218014,LFA1            ,2000001002020,SPERQ              ,U               ,1,    ,    ,    ,    ,99,                                 ,                 
200,KRED           ,1002020,3218014,LFA1            ,2000001002020,SPERM              ,U               ,1,    ,    ,    ,    ,X                               ,                                 ,                 
200,KRED           ,1002020,3218014,LFA1            ,2000001002020,LOEVM              ,U               ,1,    ,    ,    ,    ,X                               ,                                 ,                 
200,KRED           ,1001410,3218015,LFA1            ,2000001001410,LOEVM              ,U               ,1,    ,    ,    ,    ,X                               ,                                 ,                 
200,KRED           ,1001410,3218015,LFA1            ,2000001001410,SPERM              ,U               ,1,    ,    ,    ,    ,X                               ,                                 ,                 
200,KRED           ,1001410,3218015,LFA1            ,2000001001410,SPERQ              ,U               ,1,    ,    ,    ,    ,99,                                 ,                 
200,KRED           ,1001410,3218015,LFA1            ,2000001001410,SPERR              ,U               ,1,    ,    ,    ,    ,X                               ,                                 ,                 
200,KRED           ,1001408,3218016,LFA1            ,2000001001408,SPERR              ,U               ,1,    ,    ,    ,    ,X                               ,                                 ,                 
200,KRED           ,1001408,3218016,LFA1            ,2000001001408,SPERQ              ,U               ,1,    ,    ,    ,    ,99,                                 ,                 
200,KRED           ,1001408,3218016,LFA1            ,2000001001408,SPERM              ,U               ,1,    ,    ,    ,    ,X                               ,                                 ,                 
200,KRED           ,1001408,3218016,LFA1            ,2000001001408,LOEVM              ,U               ,1,    ,    ,    ,    ,X                               ,                                 ,                 
200,KRED           ,1001363,3218017,LFA1            ,2000001001363,SPERR              ,U               ,1,    ,    ,    ,    ,X                               ,                                 ,                 
200,KRED           ,1001363,3218017,LFA1            ,2000001001363,LOEVM              ,U               ,1,    ,    ,    ,    ,X                               ,                                 ,                 
200,KRED           ,1001363,3218017,LFA1            ,2000001001363,SPERM              ,U               ,1,    ,    ,    ,    ,X                               ,                                 ,                 
200,KRED           ,1001363,3218017,LFA1            ,2000001001363,SPERQ              ,U               ,1,    ,    ,    ,    ,99,                                 ,                 
200,KRED           ,1001294,3218018,LFA1            ,2000001001294,LOEVM              ,U               ,1,    ,    ,    ,    ,X                               ,                                 ,                 
200,KRED           ,1001294,3218018,LFA1            ,2000001001294,SPERM              ,U               ,1,    ,    ,    ,    ,X                               ,                                 ,                 
200,KRED           ,1001294,3218018,LFA1            ,2000001001294,SPERQ              ,U               ,1,    ,    ,    ,    ,99,                                 ,                 
200,KRED           ,1001294,3218018,LFA1            ,2000001001294,SPERR              ,U               ,1,    ,    ,    ,    ,X                               ,                                 ,                 
200,KRED           ,1001033,3218019,LFA1            ,2000001001033,SPERQ              ,U               ,1,    ,    ,    ,    ,99,                                 ,                 
200,KRED           ,1001033,3218019,LFA1            ,2000001001033,SPERM              ,U               ,1,    ,    ,    ,    ,X                               ,                                 ,                 
200,KRED           ,1001033,3218019,LFA1            ,2000001001033,LOEVM              ,U               ,1,    ,    ,    ,    ,X                               ,                                 ,                 
200,KRED           ,1001033,3218019,LFA1            ,2000001001033,SPERR              ,U               ,1,    ,    ,    ,    ,X                               ,                                 ,                 
200,KRED           ,1000866,3218020,LFA1            ,2000001000866,LOEVM              ,U               ,1,    ,    ,    ,    ,X                               ,                                 ,                 
200,KRED           ,1000866,3218020,LFA1            ,2000001000866,SPERR              ,U               ,1,    ,    ,    ,    ,X                               ,                                 ,                 
200,KRED           ,1000866,3218020,LFA1            ,2000001000866,SPERQ              ,U               ,1,    ,    ,    ,    ,99,                                 ,                 
200,KRED           ,1000866,3218020,LFA1            ,2000001000866,SPERM              ,U               ,1,    ,    ,    ,    ,X                               ,                                 ,                 
200,KRED           ,1002200,3218021,LFA1            ,2000001002200,SPERQ              ,U               ,1,    ,    ,    ,    ,99,                                 ,                 
200,KRED           ,1002200,3218021,LFA1            ,2000001002200,LOEVM              ,U               ,1,    ,    ,    ,    ,X                               ,                                 ,                 
200,KRED           ,1002200,3218021,LFA1            ,2000001002200,SPERR              ,U               ,1,    ,    ,    ,    ,X                               ,                                 ,                 
200,KRED           ,1002200,3218021,LFA1            ,2000001002200,SPERM              ,U               ,1,    ,    ,    ,    ,X                               ,                                 ,                 
200,KRED           ,1002166,3218022,LFA1            ,2000001002166,SPERR              ,U               ,1,    ,    ,    ,    ,X                               ,                                 ,                 
200,KRED           ,1002166,3218022,LFA1            ,2000001002166,SPERQ              ,U               ,1,    ,    ,    ,    ,99,                                 ,                 
200,KRED           ,1002166,3218022,LFA1            ,2000001002166,SPERM              ,U               ,1,    ,    ,    ,    ,X                               ,                                 ,                 
200,KRED           ,1002166,3218022,LFA1            ,2000001002166,LOEVM              ,U               ,1,    ,    ,    ,    ,X                               ,                                 ,                 
200,KRED           ,1002149,3218023,LFA1            ,2000001002149,SPERR              ,U               ,1,    ,    ,    ,    ,X                               ,                                 ,                 
200,KRED           ,1002149,3218023,LFA1            ,2000001002149,SPERQ              ,U               ,1,    ,    ,    ,    ,99,                                 ,                 
200,KRED           ,1002149,3218023,LFA1            ,2000001002149,SPERM              ,U               ,1,    ,    ,    ,    ,X                               ,                                 ,                 
200,KRED           ,1002149,3218023,LFA1            ,2000001002149,LOEVM              ,U               ,1,    ,    ,    ,    ,X                               ,                                 ,                 
200,KRED           ,1002038,3218024,LFA1            ,2000001002038,SPERR              ,U               ,1,    ,    ,    ,    ,X                               ,                                 ,                 
200,KRED           ,1002038,3218024,LFA1            ,2000001002038,SPERQ              ,U               ,1,    ,    ,    ,    ,99,                                 ,                 
200,KRED           ,1002038,3218024,LFA1            ,2000001002038,SPERM              ,U               ,1,    ,    ,    ,    ,X                               ,                                 ,                 
200,KRED           ,1002038,3218024,LFA1            ,2000001002038,LOEVM              ,U               ,1,    ,    ,    ,    ,X                               ,                                 ,                 
200,KRED           ,1001416,3218025,LFA1            ,2000001001416,SPERQ              ,U               ,1,    ,    ,    ,    ,99,                                 ,                 
200,KRED           ,1001416,3218025,LFA1            ,2000001001416,SPERM              ,U               ,1,    ,    ,    ,    ,X                               ,                                 ,                 
200,KRED           ,1001416,3218025,LFA1            ,2000001001416,LOEVM              ,U               ,1,    ,    ,    ,    ,X                               ,                                 ,                 
200,KRED           ,1001416,3218025,LFA1            ,2000001001416,SPERR              ,U               ,1,    ,    ,    ,    ,X                               ,                                 ,                 
200,KRED           ,1001409,3218026,LFA1            ,2000001001409,LOEVM              ,U               ,1,    ,    ,    ,    ,X                               ,                                 ,                 
200,KRED           ,1001409,3218026,LFA1            ,2000001001409,SPERQ              ,U               ,1,    ,    ,    ,    ,99,                                 ,                 
200,KRED           ,1001409,3218026,LFA1            ,2000001001409,SPERM              ,U               ,1,    ,    ,    ,    ,X                               ,                                 ,                 
200,KRED           ,1001409,3218026,LFA1            ,2000001001409,SPERR              ,U               ,1,    ,    ,    ,    ,X                               ,                                 ,                 
200,KRED           ,1001407,3218027,LFA1            ,2000001001407,SPERR              ,U               ,1,    ,    ,    ,    ,X                               ,                                 ,                 
200,KRED           ,1001407,3218027,LFA1            ,2000001001407,SPERQ              ,U               ,1,    ,    ,    ,    ,99,                                 ,                 
200,KRED           ,1001407,3218027,LFA1            ,2000001001407,SPERM              ,U               ,1,    ,    ,    ,    ,X                               ,                                 ,                 
200,KRED           ,1001407,3218027,LFA1            ,2000001001407,LOEVM              ,U               ,1,    ,    ,    ,    ,X                               ,                                 ,                 
200,KRED           ,1001383,3218028,LFA1            ,2000001001383,LOEVM              ,U               ,1,    ,    ,    ,    ,X                               ,                                 ,                 
200,KRED           ,1001383,3218028,LFA1            ,2000001001383,SPERR              ,U               ,1,    ,    ,    ,    ,X                               ,                                 ,                 
200,KRED           ,1001383,3218028,LFA1            ,2000001001383,SPERQ              ,U               ,1,    ,    ,    ,    ,99,                                 ,                 
200,KRED           ,1001383,3218028,LFA1            ,2000001001383,SPERM              ,U               ,1,    ,    ,    ,    ,X                               ,                                 ,                 
200,KRED           ,1001370,3218029,LFA1            ,2000001001370,LOEVM              ,U               ,1,    ,    ,    ,    ,X                               ,                                 ,                 
200,KRED           ,1001370,3218029,LFA1            ,2000001001370,SPERQ              ,U               ,1,    ,    ,    ,    ,99,                                 ,                 
200,KRED           ,1001370,3218029,LFA1            ,2000001001370,SPERM              ,U               ,1,    ,    ,    ,    ,X                               ,                                 ,                 
200,KRED           ,1001370,3218029,LFA1            ,2000001001370,SPERR              ,U               ,1,    ,    ,    ,    ,X                               ,                                 ,                 
200,KRED           ,1001360,3218030,LFA1            ,2000001001360,LOEVM              ,U               ,1,    ,    ,    ,    ,X                               ,                                 ,                 
200,KRED           ,1001360,3218030,LFA1            ,2000001001360,SPERR              ,U               ,1,    ,    ,    ,    ,X                               ,                                 ,                 
200,KRED           ,1001360,3218030,LFA1            ,2000001001360,SPERQ              ,U               ,1,    ,    ,    ,    ,99,                                 ,                 
200,KRED           ,1001360,3218030,LFA1            ,2000001001360,SPERM              ,U               ,1,    ,    ,    ,    ,X                               ,                                 ,                 
200,KRED           ,1001063,3218031,LFA1            ,2000001001063,LOEVM              ,U               ,1,    ,    ,    ,    ,X                               ,                                 ,                 
200,KRED           ,1001063,3218031,LFA1            ,2000001001063,SPERQ              ,U               ,1,    ,    ,    ,    ,99,                                 ,                 
200,KRED           ,1001063,3218031,LFA1            ,2000001001063,SPERM              ,U               ,1,    ,    ,    ,    ,X                               ,                                 ,                 
200,KRED           ,1001063,3218031,LFA1            ,2000001001063,SPERR              ,U               ,1,    ,    ,    ,    ,X                               ,                                 ,                 
200,KRED           ,1001016,3218032,LFA1            ,2000001001016,SPERR              ,U               ,1,    ,    ,    ,    ,X                               ,                                 ,                 
200,KRED           ,1001016,3218032,LFA1            ,2000001001016,SPERQ              ,U               ,1,    ,    ,    ,    ,99,                                 ,                 
200,KRED           ,1001016,3218032,LFA1            ,2000001001016,SPERM              ,U               ,1,    ,    ,    ,    ,X                               ,                                 ,                 
200,KRED           ,1001016,3218032,LFA1            ,2000001001016,LOEVM              ,U               ,1,    ,    ,    ,    ,X                               ,                                 ,                 
200,KRED           ,1000857,3218033,LFA1            ,2000001000857,LOEVM              ,U               ,1,    ,    ,    ,    ,X                               ,                                 ,                 
200,KRED           ,1000857,3218033,LFA1            ,2000001000857,SPERR              ,U               ,1,    ,    ,    ,    ,X                               ,                                 ,                 
200,KRED           ,1000857,3218033,LFA1            ,2000001000857,SPERQ              ,U               ,1,    ,    ,    ,    ,99,                                 ,                 
200,KRED           ,1000857,3218033,LFA1            ,2000001000857,SPERM              ,U               ,1,    ,    ,    ,    ,X                               ,                                 ,                 
200,KRED           ,1000837,3218034,LFA1            ,2000001000837,LOEVM              ,U               ,1,    ,    ,    ,    ,X                               ,                                 ,                 
200,KRED           ,1000837,3218034,LFA1            ,2000001000837,SPERM              ,U               ,1,    ,    ,    ,    ,X                               ,                                 ,                 
200,KRED           ,1000837,3218034,LFA1            ,2000001000837,SPERQ              ,U               ,1,    ,    ,    ,    ,99,                                 ,                 
200,KRED           ,1000837,3218034,LFA1            ,2000001000837,SPERR              ,U               ,1,    ,    ,    ,    ,X                               ,                                 ,                 
200,KRED           ,1000779,3218035,LFA1            ,2000001000779,LOEVM              ,U               ,1,    ,    ,    ,    ,X                               ,                                 ,                 
200,KRED           ,1000779,3218035,LFA1            ,2000001000779,SPERR              ,U               ,1,    ,    ,    ,    ,X                               ,                                 ,                 
200,KRED           ,1000779,3218035,LFA1            ,2000001000779,SPERQ              ,U               ,1,    ,    ,    ,    ,99,                                 ,                 
200,KRED           ,1000779,3218035,LFA1            ,2000001000779,SPERM              ,U               ,1,    ,    ,    ,    ,X                               ,                                 ,                 
200,KRED           ,1000722,3218036,LFA1            ,2000001000722,SPERM              ,U               ,1,    ,    ,    ,    ,X                               ,                                 ,                 
200,KRED           ,1000722,3218036,LFA1            ,2000001000722,LOEVM              ,U               ,1,    ,    ,    ,    ,X                               ,                                 ,                 
200,KRED           ,1000722,3218036,LFA1            ,2000001000722,SPERQ              ,U               ,1,    ,    ,    ,    ,99,                                 ,                 
200,KRED           ,1000722,3218036,LFA1            ,2000001000722,SPERR              ,U               ,1,    ,    ,    ,    ,X                               ,                                 ,                 
200,KRED           ,1000533,3218037,LFA1            ,2000001000533,SPERQ              ,U               ,1,    ,    ,    ,    ,99,                                 ,                 
200,KRED           ,1000533,3218037,LFA1            ,2000001000533,SPERR              ,U               ,1,    ,    ,    ,    ,X                               ,                                 ,                 
200,KRED           ,1000533,3218037,LFA1            ,2000001000533,LOEVM              ,U               ,1,    ,    ,    ,    ,X                               ,                                 ,                 
200,KRED           ,1000533,3218037,LFA1            ,2000001000533,SPERM              ,U               ,1,    ,    ,    ,    ,X                               ,                                 ,                 
200,ADRESSE        ,BP  0000026981                                     ,3218038,ADRU            ,2000000026981          INT002AD_DEFAULT                            ,KEY                ,I               ,1,    ,    ,    ,    ,                                ,                                 ,                 
200,ADRESSE        ,BP  0000026981                                     ,3218038,ADRU            ,2000000026981          TEL001AD_DEFAULT                            ,VALID_FROM         ,E               ,1,    ,    ,    ,    ,                                ,                                 ,                 
200,ADRESSE        ,BP  0000026981                                     ,3218038,ADRU            ,2000000026981          TEL001AD_HOME                               ,KEY                ,I               ,1,    ,    ,    ,    ,                                ,                                 ,                 
200,ADRESSE        ,BP  0000026981                                     ,3218038,ADRU            ,2000000026981          TEL001AD_HOME                               ,VALID_FROM         ,E               ,1,    ,    ,    ,    ,                                ,                                 ,                 
200,ADRESSE        ,BP  0000026981                                     ,3218038,ADRU            ,2000000026981          TEL001AD_NMBDEFA                            ,KEY                ,I               ,1,    ,    ,    ,    ,                                ,                                 ,                 
200,ADRESSE        ,BP  0000026981                                     ,3218038,ADRU            ,2000000026981          INT001AD_HOME                               ,VALID_FROM         ,E               ,1,    ,    ,    ,    ,                                ,                                 ,                 
200,ADRESSE        ,BP  0000026981                                     ,3218038,ADRU            ,2000000026981          INT001AD_HOME                               ,KEY                ,I               ,1,    ,    ,    ,    ,                                ,                                 ,                 
200,ADRESSE        ,BP  0000026981                                     ,3218038,ADRU            ,2000000026981          TEL001AD_NMBDEFA                            ,VALID_FROM         ,E               ,1,    ,    ,    ,    ,                                ,                                 ,                 
200,ADRESSE        ,BP  0000026981                                     ,3218038,ADRU            ,2000000026981          URI001AD_HOME                               ,VALID_FROM         ,E               ,1,    ,    ,    ,    ,                                ,                                 ,                 
200,ADRESSE        ,BP  0000026981                                     ,3218038,ADRU            ,2000000026981          URI001AD_DEFAULT                            ,KEY                ,I               ,1,    ,    ,    ,    ,                                ,                                 ,                 
200,ADRESSE        ,BP  0000026981                                     ,3218038,ADRU            ,2000000026981          URI001AD_DEFAULT                            ,VALID_FROM         ,E               ,1,    ,    ,    ,    ,                                ,                                 ,                 
200,ADRESSE        ,BP  0000026981                                     ,3218038,ADRU            ,2000000026981          URI001AD_HOME                               ,KEY                ,I               ,1,    ,    ,    ,    ,                                ,                                 ,                 
200,ADRESSE        ,BP  0000026981                                     ,3218038,ADRU            ,2000000026981          TEL001AD_DEFAULT                            ,KEY                ,I               ,1,    ,    ,    ,    ,                                ,                                 ,                 
200,ADRESSE        ,BP  0000026981                                     ,3218038,ADR6            ,2000000026981          00010101001                                 ,FLGDEFAULT         ,U               ,1,    ,    ,    ,    ,                                ,X                                ,                 
200,ADRESSE        ,BP  0000026981                                     ,3218038,ADR6            ,2000000026981          00010101002                                 ,FLGDEFAULT         ,U               ,1,    ,    ,    ,    ,X                               ,                                 ,                 
200,ADRESSE        ,BP  0000026981                                     ,3218038,ADRU            ,2000000026981          INT001AD_DEFAULT                            ,VALID_FROM         ,E               ,1,    ,    ,    ,    ,                                ,                                 ,                 
200,KRED           ,1000515,3218039,LFA1            ,2000001000515,SPERM              ,U               ,1,    ,    ,    ,    ,X                               ,                                 ,                 
200,KRED           ,1000515,3218039,LFA1            ,2000001000515,SPERR              ,U               ,1,    ,    ,    ,    ,X                               ,                                 ,                 
200,KRED           ,1000515,3218039,LFA1            ,2000001000515,SPERQ              ,U               ,1,    ,    ,    ,    ,99,                                 ,                 
200,KRED           ,1000515,3218039,LFA1            ,2000001000515,LOEVM              ,U               ,1,    ,    ,    ,    ,X                               ,                                 ,                 
200,KRED           ,1000447,3218040,LFA1            ,2000001000447,SPERR              ,U               ,1,    ,    ,    ,    ,X                               ,                                 ,                 
200,KRED           ,1000447,3218040,LFA1            ,2000001000447,SPERQ              ,U               ,1,    ,    ,    ,    ,99,                                 ,                 
200,KRED           ,1000447,3218040,LFA1            ,2000001000447,SPERM              ,U               ,1,    ,    ,    ,    ,X                               ,                                 ,                 
200,KRED           ,1000447,3218040,LFA1            ,2000001000447,LOEVM              ,U               ,1,    ,    ,    ,    ,X                               ,                                 ,                 
200,KRED           ,1000723,3218041,LFA1            ,2000001000723,SPERM              ,U               ,1,    ,    ,    ,    ,X                               ,                                 ,                 
200,KRED           ,1000723,3218041,LFA1            ,2000001000723,LOEVM              ,U               ,1,    ,    ,    ,    ,X                               ,                                 ,                 
200,KRED           ,1000723,3218041,LFA1            ,2000001000723,SPERR              ,U               ,1,    ,    ,    ,    ,X                               ,                                 ,                 
200,KRED           ,1000723,3218041,LFA1            ,2000001000723,SPERQ              ,U               ,1,    ,    ,    ,    ,99,                                 ,                 
200,KRED           ,1000540,3218042,LFA1            ,2000001000540,SPERR              ,U               ,1,    ,    ,    ,    ,X                               ,                                 ,                 
200,KRED           ,1000540,3218042,LFA1            ,2000001000540,SPERQ              ,U               ,1,    ,    ,    ,    ,99,                                 ,                 
200,KRED           ,1000540,3218042,LFA1            ,2000001000540,SPERM              ,U               ,1,    ,    ,    ,    ,X                               ,                                 ,                 
200,KRED           ,1000540,3218042,LFA1            ,2000001000540,LOEVM              ,U               ,1,    ,    ,    ,    ,X                               ,                                 ,                 
200,KRED           ,1000523,3218043,LFA1            ,2000001000523,SPERR              ,U               ,1,    ,    ,    ,    ,X                               ,                                 ,                 
200,KRED           ,1000523,3218043,LFA1            ,2000001000523,SPERQ              ,U               ,1,    ,    ,    ,    ,99,                                 ,                 
200,KRED           ,1000523,3218043,LFA1            ,2000001000523,LOEVM              ,U               ,1,    ,    ,    ,    ,X                               ,                                 ,                 
200,KRED           ,1000523,3218043,LFA1            ,2000001000523,SPERM              ,U               ,1,    ,    ,    ,    ,X                               ,                                 ,                 
200,KRED           ,1000506,3218044,LFA1            ,2000001000506,SPERR              ,U               ,1,    ,    ,    ,    ,X                               ,                                 ,                 
200,KRED           ,1000506,3218044,LFA1            ,2000001000506,SPERQ              ,U               ,1,    ,    ,    ,    ,99,                                 ,                 
200,KRED           ,1000506,3218044,LFA1            ,2000001000506,SPERM              ,U               ,1,    ,    ,    ,    ,X                               ,                                 ,                 
200,KRED           ,1000506,3218044,LFA1            ,2000001000506,LOEVM              ,U               ,1,    ,    ,    ,    ,X                               ,                                 ,                 
200,KRED           ,1000361,3218045,LFA1            ,2000001000361,LOEVM              ,U               ,1,    ,    ,    ,    ,X                               ,                                 ,                 
200,KRED           ,1000361,3218045,LFA1            ,2000001000361,SPERQ              ,U               ,1,    ,    ,    ,    ,99,                                 ,                 
200,KRED           ,1000361,3218045,LFA1            ,2000001000361,SPERR              ,U               ,1,    ,    ,    ,    ,X                               ,                                 ,                 
200,KRED           ,1000361,3218045,LFA1            ,2000001000361,SPERM              ,U               ,1,    ,    ,    ,    ,X                               ,                                 ,                 
200,KRED           ,1000204,3218046,LFA1            ,2000001000204,SPERM              ,U               ,1,    ,    ,    ,    ,X                               ,                                 ,                 
200,KRED           ,1000204,3218046,LFA1            ,2000001000204,LOEVM              ,U               ,1,    ,    ,    ,    ,X                               ,                                 ,                 
200,KRED           ,1000204,3218046,LFA1            ,2000001000204,SPERR              ,U               ,1,    ,    ,    ,    ,X                               ,                                 ,                 
200,KRED           ,1000204,3218046,LFA1            ,2000001000204,SPERQ              ,U               ,1,    ,    ,    ,    ,99,                                 ,                 
200,KRED           ,1000071,3218047,LFA1            ,2000001000071,SPERR              ,U               ,1,    ,    ,    ,    ,X                               ,                                 ,                 
200,KRED           ,1000071,3218047,LFA1            ,2000001000071,SPERQ              ,U               ,1,    ,    ,    ,    ,99,                                 ,                 
200,KRED           ,1000071,3218047,LFA1            ,2000001000071,SPERM              ,U               ,1,    ,    ,    ,    ,X                               ,                                 ,                 
200,KRED           ,1000071,3218047,LFA1            ,2000001000071,LOEVM              ,U               ,1,    ,    ,    ,    ,X                               ,                                 ,                 
200,KRED           ,1000049,3218048,LFA1            ,2000001000049,SPERQ              ,U               ,1,    ,    ,    ,    ,99,                                 ,                 
200,KRED           ,1000049,3218048,LFA1            ,2000001000049,LOEVM              ,U               ,1,    ,    ,    ,    ,X                               ,                                 ,                 
200,KRED           ,1000049,3218048,LFA1            ,2000001000049,SPERM              ,U               ,1,    ,    ,    ,    ,X                               ,                                 ,                 
200,KRED           ,1000049,3218048,LFA1            ,2000001000049,SPERR              ,U               ,1,    ,    ,    ,    ,X                               ,                                 ,                 
200,KRED           ,1000435,3218051,LFA1            ,2000001000435,SPERR              ,U               ,1,    ,    ,    ,    ,X                               ,                                 ,                 
200,KRED           ,1000435,3218051,LFA1            ,2000001000435,SPERQ              ,U               ,1,    ,    ,    ,    ,99,                                 ,                 
200,KRED           ,1000435,3218051,LFA1            ,2000001000435,SPERM              ,U               ,1,    ,    ,    ,    ,X                               ,                                 ,                 
200,KRED           ,1000435,3218051,LFA1            ,2000001000435,LOEVM              ,U               ,1,    ,    ,    ,    ,X                               ,                                 ,                 
200,KRED           ,1000404,3218052,LFA1            ,2000001000404,SPERQ              ,U               ,1,    ,    ,    ,    ,99,                                 ,                 
200,KRED           ,1000404,3218052,LFA1            ,2000001000404,LOEVM              ,U               ,1,    ,    ,    ,    ,X                               ,                                 ,                 
200,KRED           ,1000404,3218052,LFA1            ,2000001000404,SPERM              ,U               ,1,    ,    ,    ,    ,X                               ,                                 ,                 
200,KRED           ,1000404,3218052,LFA1            ,2000001000404,SPERR              ,U               ,1,    ,    ,    ,    ,X                               ,                                 ,                 
200,KRED           ,1000268,3218053,LFA1            ,2000001000268,SPERR              ,U               ,1,    ,    ,    ,    ,X                               ,                                 ,                 
200,KRED           ,1000268,3218053,LFA1            ,2000001000268,SPERQ              ,U               ,1,    ,    ,    ,    ,99,                                 ,                 
200,KRED           ,1000268,3218053,LFA1            ,2000001000268,SPERM              ,U               ,1,    ,    ,    ,    ,X                               ,                                 ,                 
200,KRED           ,1000268,3218053,LFA1            ,2000001000268,LOEVM              ,U               ,1,    ,    ,    ,    ,X                               ,                                 ,                 
200,KRED           ,1000179,3218054,LFA1            ,2000001000179,SPERQ              ,U               ,1,    ,    ,    ,    ,99,                                 ,                 
200,KRED           ,1000179,3218054,LFA1            ,2000001000179,SPERR              ,U               ,1,    ,    ,    ,    ,X                               ,                                 ,                 
200,KRED           ,1000179,3218054,LFA1            ,2000001000179,SPERM              ,U               ,1,    ,    ,    ,    ,X                               ,                                 ,                 
200,KRED           ,1000179,3218054,LFA1            ,2000001000179,LOEVM              ,U               ,1,    ,    ,    ,    ,X                               ,                                 ,                 
200,KRED           ,1000068,3218055,LFA1            ,2000001000068,SPERR              ,U               ,1,    ,    ,    ,    ,X                               ,                                 ,                 
200,KRED           ,1000068,3218055,LFA1            ,2000001000068,SPERQ              ,U               ,1,    ,    ,    ,    ,99,                                 ,                 
200,KRED           ,1000068,3218055,LFA1            ,2000001000068,SPERM              ,U               ,1,    ,    ,    ,    ,X                               ,                                 ,                 
200,KRED           ,1000068,3218055,LFA1            ,2000001000068,LOEVM              ,U               ,1,    ,    ,    ,    ,X                               ,                                 ,                 
200,LIEFERUNG      ,180016744,3221491,LIPS            ,2000180016744000000,HSDAT              ,U               ,1,    ,    ,    ,    ,20250220,0,                 
200,LIEFERUNG      ,180016744,3221491,LIKP            ,2000180016744,TDUHR              ,U               ,1,    ,    ,    ,    ,53240,24600,                 
200,LIEFERUNG      ,180016744,3221491,LIKP            ,2000180016744,VLSTK              ,U               ,1,    ,    ,    ,    ,B                               ,A                                ,                 
200,LIEFERUNG      ,180016744,3221491,LIPS            ,2000180016744000000,VFDAT              ,U               ,1,    ,    ,    ,    ,20270220,0,                 
200,LIEFERUNG      ,180016744,3221491,LIPS            ,2000180016744000000,ZZ1_ORDEREDQTY_DLIU,U               ,1,    ,    ,    ,    ,EA                              ,                                 ,                 
200,LIEFERUNG      ,180016744,3221491,LIPS            ,2000180016744000000,ZZ1_ORDEREDQTY_DLI ,U               ,1,    ,EA  ,    ,    ,152000,0,                 
200,/SCDL/DELIVERY ,F18F8A2E0A9F1EEFBDA2E006F55A2470                   ,3221492,/SCDL/DB_PROCH_I,200F18F8A2E0A9F1EEFBDA2E006F55A2470                                ,KEY                ,I               ,1,    ,    ,    ,    ,                                ,                                 ,                 
200,CHARGE_LM      ,000000000030003159                          1008222,3221493,MCHA            ,200000000000030003159                          1008222             ,KEY                ,I               ,1,    ,    ,    ,    ,                                ,                                 ,                 
200,CHARGE_LM      ,000000000030003170                          1008222,3221494,MCHA            ,200000000000030003170                          1008222             ,KEY                ,I               ,1,    ,    ,    ,    ,                                ,                                 ,                 
200,LIEFERUNG      ,180017030,3237822,LIKP            ,2000180017030,TDUHR              ,U               ,1,    ,    ,    ,    ,53240,24600,                 
200,LIEFERUNG      ,180017030,3237822,LIPS            ,2000180017030000128,KEY                ,D               ,1,    ,    ,    ,    ,                                ,                                 ,                 
200,LIEFERUNG      ,180017030,3237822,LIKP            ,2000180017030,VLSTK              ,U               ,1,    ,    ,    ,    ,B                               ,A                                ,                 
200,/SCDL/DELIVERY ,F18F8A2E0A9F1EDFBFBC896F120C29CB                   ,3237825,/SCDL/DB_PROCH_I,200F18F8A2E0A9F1EDFBFBC896F120C29CB                                ,KEY                ,I               ,1,    ,    ,    ,    ,                                ,                                 ,                 
200,CHARGE_LM      ,000000000030003006                          11397  ,3237826,MCHA            ,200000000000030003006                          11397               ,KEY                ,I               ,1,    ,    ,    ,    ,                                ,                                 ,                 
